row_id,problem,ground_truth_solution,solution_idx,candidate_solution,verification_reasoning,verification,prefix
1,"If the point $(-1,2)$ lies on the graph of the inverse proportion function $y=\frac{k}{x}$ (where $k$ is a constant and $k\neq 0$), then which of the following statements about this function is correct?

A: The graph of the function passes through the point $(1,2)$.

B: The graph of the function lies in the first and third quadrants.

C: The value of $y$ increases as $x$ increases.

D: When $x < -1$, the value of $y$ increases as $x$ increases.","Given that the point $(-1,2)$ lies on the graph of the inverse proportion function $y=\frac{k}{x}$, where $k$ is a constant and $k\neq 0$, we can find the value of $k$ by substituting the coordinates of the point into the equation. 

Step 1: Substitute $x = -1$ and $y = 2$ into the equation $y = \frac{k}{x}$.
\[2 = \frac{k}{-1}\]

Step 2: Solve for $k$.
\[k = 2 \times (-1) = -2\]

Thus, we have determined that $k = -2$. This means the equation of the function is $y = \frac{-2}{x}$.

Step 3: Analyze the behavior of the function based on the value of $k$.
- Since $k$ is negative, the graph of the function lies in the second and fourth quadrants where the signs of $x$ and $y$ are opposite.
- In each of these quadrants, as $x$ increases (moves away from zero), $y$ becomes less negative (increases).

Therefore, options $B$ (the graph lies in the first and third quadrants) and $C$ (the value of $y$ increases as $x$ increases) are incorrect because they do not match the characteristics of the function with $k = -2$.

Step 4: Check the validity of option $A$.
- To see if the graph passes through the point $(1,2)$, substitute $x = 1$ into the equation $y = \frac{-2}{x}$.
\[y = \frac{-2}{1} = -2\]
- Since $y = -2$ when $x = 1$, the graph does not pass through the point $(1,2)$. Thus, option $A$ is incorrect.

Step 5: Confirm the correctness of option $D$.
- For $x < -1$, as $x$ increases (moves towards zero from the left), $y$ (which is negative) becomes less negative, meaning it increases. This matches the description in option $D$.

Therefore, the correct option is $\boxed{D}$.",0,"Let's analyze the given problem:
1. The inverse proportion function has the form $y = \frac{k}{x}$, where $k$ is a constant.
2. If the point $(-1, 2)$ lies on its graph, we can find the value of $k$ by plugging this point into the equation:
$2 = \frac{k}{(-1)}$, which means $k = -2$.

3. Hence, the function equation becomes $y = -\frac{2}{x}$.

Now, let's evaluate each answer choice:
A: The graph does not pass through $(1, 2)$. This can be seen by plugging $(1,2)$ into our function equation:
$y = -\frac{2}{x}$ gives $2 = -\frac{2}{1}$, which is false.

B: The graph of the function does not lie in the first and third quadrants. The negative sign in the numerator of $y = -\frac{2}{x}$ tells us the function spans the fourth quadrant, as it starts in the third quadrant and crosses to the fourth quadrant at the x-axis.

C: The value of $y$ decreases as $x$ increases. This is evident from the negative denominator in our function equation. As $x$ increases, $y$ will decrease because it's inversely proportional to $x$.

D: When $x < -1$, the value of $y$ will increase as $x$ increases. This can be visualized by observing that the graph of our function crosses the x-axis at $x = -2$. To the left of this point, in the fourth quadrant, $y$ increases as $x$ decreases.

Therefore, the correct answer is **D: When $x < -1$, the value of $y$ increases as $x$ increases**.
  
Please note that this problem involves a negative correlation or an inverse relationship between $x$ and $y$. Make sure to box your answer as requested: **D**.","The final answer provided in the ground truth solution is option D.

The candidate solution also selects option D as the correct answer. However, the reasoning provided is incorrect. The candidate solution states that ""When $x < -1$, the value of $y$ will increase as $x$ increases. This can be visualized by observing that the graph of our function crosses the x-axis at $x = -2$. To the left of this point, in the fourth quadrant, $y$ increases as $x$ decreases.""

The issue with this reasoning is that it focuses on the behavior of the function to the left of $x = -2$, which is not the relevant region for the given statement. The statement in option D specifically refers to the region where $x < -1$, which is to the right of $x = -2$. In this region, as $x$ increases (becomes less negative), $y$ also increases (becomes less negative). This is because the function is an inverse proportion, and as $x$ moves away from zero, $y$ moves towards zero, resulting in an increase in the value of $y$.

The candidate solution incorrectly interprets the behavior of the function in the wrong region, leading to an inaccurate explanation.",False,"Let's analyze the given problem: 1. The inverse proportion function has the form $y = \frac{k}{x}$, where $k$ is a constant. 2. If the point $(-1, 2)$ lies on its graph, we can find the value of $k$ by plugging this point into the equation: $2 = \frac{k}{(-1)}$, which means $k = -2$. 3. Hence, the function equation becomes $y = -\frac{2}{x}$. Now, let's evaluate each answer choice: A: The graph does not pass through $(1, 2)$. This can be seen"
1,"If the point $(-1,2)$ lies on the graph of the inverse proportion function $y=\frac{k}{x}$ (where $k$ is a constant and $k\neq 0$), then which of the following statements about this function is correct?

A: The graph of the function passes through the point $(1,2)$.

B: The graph of the function lies in the first and third quadrants.

C: The value of $y$ increases as $x$ increases.

D: When $x < -1$, the value of $y$ increases as $x$ increases.","Given that the point $(-1,2)$ lies on the graph of the inverse proportion function $y=\frac{k}{x}$, where $k$ is a constant and $k\neq 0$, we can find the value of $k$ by substituting the coordinates of the point into the equation. 

Step 1: Substitute $x = -1$ and $y = 2$ into the equation $y = \frac{k}{x}$.
\[2 = \frac{k}{-1}\]

Step 2: Solve for $k$.
\[k = 2 \times (-1) = -2\]

Thus, we have determined that $k = -2$. This means the equation of the function is $y = \frac{-2}{x}$.

Step 3: Analyze the behavior of the function based on the value of $k$.
- Since $k$ is negative, the graph of the function lies in the second and fourth quadrants where the signs of $x$ and $y$ are opposite.
- In each of these quadrants, as $x$ increases (moves away from zero), $y$ becomes less negative (increases).

Therefore, options $B$ (the graph lies in the first and third quadrants) and $C$ (the value of $y$ increases as $x$ increases) are incorrect because they do not match the characteristics of the function with $k = -2$.

Step 4: Check the validity of option $A$.
- To see if the graph passes through the point $(1,2)$, substitute $x = 1$ into the equation $y = \frac{-2}{x}$.
\[y = \frac{-2}{1} = -2\]
- Since $y = -2$ when $x = 1$, the graph does not pass through the point $(1,2)$. Thus, option $A$ is incorrect.

Step 5: Confirm the correctness of option $D$.
- For $x < -1$, as $x$ increases (moves towards zero from the left), $y$ (which is negative) becomes less negative, meaning it increases. This matches the description in option $D$.

Therefore, the correct option is $\boxed{D}$.",1,"Let's analyze the function $y=\frac{k}{x}$ with the given constraint $(-1,2)$ on the graph. 

We can see that the denominator is positive for $x < 0$ and negative for $x > 0$. This tells us that the function behaves differently in the first and fourth quadrants, and indeed, the graph will lie in these two quadrants. So, we can eliminate option B as it suggests the function lies in the first and third quadrants.

For the point $(-1,2)$, we know that $y=\frac{k}{-1}=-k$. This tells us that $k=-2$.

With the value of $k$, we can now analyze the behavior of the function more thoroughly.

For $x < -1$, we have that $y=\frac{-2}{x}$, and as $x$ increases, $y$ will decrease because a negative number is being divided by a larger negative number. So, option D is not correct.

For $x > -1$, we still have that $y=-\frac{2}{x}$, and now as $x$ increases, $y$ will decrease. This means that option C is also not correct, as it states that $y$ increases with increasing $x$.
 
Testing the function at $x=-1$ shows that it passes through the point $(1,2)$, confirming A as the correct answer.
 
Therefore, the final answer is:

A: The graph of the function passes through the point $(1,2)$.","The final answer provided in the ground truth solution is option D.

The candidate solution, however, concludes that the correct answer is option A.

The candidate solution's reasoning is flawed in several steps. Firstly, it incorrectly determines that the function lies in the first and fourth quadrants. This is because the function is an inverse proportion, and for $x < 0$, the denominator is negative, not positive as stated. This leads to the incorrect elimination of option B.

Secondly, the candidate solution correctly finds the value of $k$ as $-2$, but then makes an error in analyzing the behavior of the function. For $x < -1$, as $x$ increases, $y$ actually increases because the magnitude of the denominator decreases, making the fraction larger. This is the opposite of what the candidate solution states.

Lastly, the candidate solution incorrectly tests the function at $x = -1$ to conclude that the graph passes through $(1,2)$. This is not a valid test, as the function's behavior at a single point does not determine its overall behavior. The correct approach would be to analyze the function's behavior for $x > 0$, which would reveal that the graph does not pass through $(1,2)$.

These errors lead to the incorrect selection of option A as the final answer.",False,"Let's analyze the function $y=\frac{k}{x}$ with the given constraint $(-1,2)$ on the graph. We can see that the denominator is positive for $x < 0$ and negative for $x > 0$. This tells us that the function behaves differently in the first and fourth quadrants, and indeed, the graph will lie in these two quadrants. So, we can eliminate option B"
1,"If the point $(-1,2)$ lies on the graph of the inverse proportion function $y=\frac{k}{x}$ (where $k$ is a constant and $k\neq 0$), then which of the following statements about this function is correct?

A: The graph of the function passes through the point $(1,2)$.

B: The graph of the function lies in the first and third quadrants.

C: The value of $y$ increases as $x$ increases.

D: When $x < -1$, the value of $y$ increases as $x$ increases.","Given that the point $(-1,2)$ lies on the graph of the inverse proportion function $y=\frac{k}{x}$, where $k$ is a constant and $k\neq 0$, we can find the value of $k$ by substituting the coordinates of the point into the equation. 

Step 1: Substitute $x = -1$ and $y = 2$ into the equation $y = \frac{k}{x}$.
\[2 = \frac{k}{-1}\]

Step 2: Solve for $k$.
\[k = 2 \times (-1) = -2\]

Thus, we have determined that $k = -2$. This means the equation of the function is $y = \frac{-2}{x}$.

Step 3: Analyze the behavior of the function based on the value of $k$.
- Since $k$ is negative, the graph of the function lies in the second and fourth quadrants where the signs of $x$ and $y$ are opposite.
- In each of these quadrants, as $x$ increases (moves away from zero), $y$ becomes less negative (increases).

Therefore, options $B$ (the graph lies in the first and third quadrants) and $C$ (the value of $y$ increases as $x$ increases) are incorrect because they do not match the characteristics of the function with $k = -2$.

Step 4: Check the validity of option $A$.
- To see if the graph passes through the point $(1,2)$, substitute $x = 1$ into the equation $y = \frac{-2}{x}$.
\[y = \frac{-2}{1} = -2\]
- Since $y = -2$ when $x = 1$, the graph does not pass through the point $(1,2)$. Thus, option $A$ is incorrect.

Step 5: Confirm the correctness of option $D$.
- For $x < -1$, as $x$ increases (moves towards zero from the left), $y$ (which is negative) becomes less negative, meaning it increases. This matches the description in option $D$.

Therefore, the correct option is $\boxed{D}$.",2,"Let's analyze the function $y=\frac{k}{x}$ with the given constraint $(-1,2)$ on the graph. 

We can see that the denominator is always positive, which means the function is increasing as $x$ increases, regardless of the value of $k$. So, we can eliminate D, as it's not always true for all negative $x$.

The graph of the function mirrors each quadrant, meaning if one point lies on the graph, the reflected point across the origin will also lie on the graph. Therefore, if $(-1,2)$ is on the graph, then $(1,2)$ must also be on the graph, making A correct. 

The graph of the function will always extend infinitely in both directions, meaning it covers all four quadrants. So, we can conclude that the correct answer is B. 

### Answer: B","The final answer provided in the ground truth solution is **D**.

The candidate solution, however, concludes that the correct answer is **B**.

The candidate solution's reasoning is flawed in several ways:

- It incorrectly states that the function is increasing as $x$ increases, regardless of the value of $k$. This is not true for all values of $k$. For example, if $k$ is positive, the function would decrease as $x$ increases.
- The statement about the graph mirroring each quadrant is also incorrect. While it is true that the graph of $y = \frac{k}{x}$ is symmetric about the origin, it does not mean that if a point $(a, b)$ lies on the graph, then $(b, a)$ must also lie on the graph. In this case, the point $(1, 2)$ does not lie on the graph, as shown in the ground truth solution.
- The conclusion that the graph covers all four quadrants is also incorrect. The graph of $y = \frac{-2}{x}$ (as determined in the ground truth solution) lies in the second and fourth quadrants, not the first and third quadrants as claimed in the candidate solution.

The candidate solution's answer is incorrect, and the reasoning provided does not align with the properties of the inverse proportion function.",False,"Let's analyze the function $y=\frac{k}{x}$ with the given constraint $(-1,2)$ on the graph. We can see that the denominator is always positive, which means the function is increasing as $x$ increases, regardless of the value of $k$. So,"
1,"If the point $(-1,2)$ lies on the graph of the inverse proportion function $y=\frac{k}{x}$ (where $k$ is a constant and $k\neq 0$), then which of the following statements about this function is correct?

A: The graph of the function passes through the point $(1,2)$.

B: The graph of the function lies in the first and third quadrants.

C: The value of $y$ increases as $x$ increases.

D: When $x < -1$, the value of $y$ increases as $x$ increases.","Given that the point $(-1,2)$ lies on the graph of the inverse proportion function $y=\frac{k}{x}$, where $k$ is a constant and $k\neq 0$, we can find the value of $k$ by substituting the coordinates of the point into the equation. 

Step 1: Substitute $x = -1$ and $y = 2$ into the equation $y = \frac{k}{x}$.
\[2 = \frac{k}{-1}\]

Step 2: Solve for $k$.
\[k = 2 \times (-1) = -2\]

Thus, we have determined that $k = -2$. This means the equation of the function is $y = \frac{-2}{x}$.

Step 3: Analyze the behavior of the function based on the value of $k$.
- Since $k$ is negative, the graph of the function lies in the second and fourth quadrants where the signs of $x$ and $y$ are opposite.
- In each of these quadrants, as $x$ increases (moves away from zero), $y$ becomes less negative (increases).

Therefore, options $B$ (the graph lies in the first and third quadrants) and $C$ (the value of $y$ increases as $x$ increases) are incorrect because they do not match the characteristics of the function with $k = -2$.

Step 4: Check the validity of option $A$.
- To see if the graph passes through the point $(1,2)$, substitute $x = 1$ into the equation $y = \frac{-2}{x}$.
\[y = \frac{-2}{1} = -2\]
- Since $y = -2$ when $x = 1$, the graph does not pass through the point $(1,2)$. Thus, option $A$ is incorrect.

Step 5: Confirm the correctness of option $D$.
- For $x < -1$, as $x$ increases (moves towards zero from the left), $y$ (which is negative) becomes less negative, meaning it increases. This matches the description in option $D$.

Therefore, the correct option is $\boxed{D}$.",3,"Let's analyze the function $y=\frac{k}{x}$ with the given constraint $(-1,2)$ on the graph. 

We can see that the denominator is always positive, which means the function is increasing as $x$ increases, regardless of the value of $k$. So, we can eliminate D, as it's not always true for all negative $x$.

The graph of the function mirrors each quadrant, meaning if one point lies on the graph, the reflected point across the origin will also lie on the graph. Therefore, if $(-1,2)$ is on the graph, then $(1,2)$ must also be on the graph, making A correct. 

The graph of the function will always extend infinitely in both directions, meaning it covers all four quadrants. So, we can conclude that the correct answer is B.

Therefore, the final answer is: **B**.","The final answer in the ground truth solution is **D**.

The candidate solution provides an answer of **B**.

The candidate solution is incorrect because it does not accurately analyze the function's behavior. In the first step, it claims that the function is increasing as $x$ increases, but this is not always true. The function's behavior depends on the sign of $k$. If $k$ is positive, the function increases as $x$ increases, but if $k$ is negative, the function decreases as $x$ increases. This is a critical distinction that the candidate solution overlooks.

Furthermore, the candidate solution's reasoning about the graph mirroring each quadrant is flawed. While it is true that the function's graph exhibits symmetry about the origin, this does not imply that if $(-1, 2)$ is on the graph, then $(1, 2)$ must also be on the graph. This is because the function's graph is not a straight line but a hyperbola, which has two branches. The point $(-1, 2)$ lies on one branch, but the point $(1, 2)$ does not lie on the same branch; instead, it lies on the other branch of the hyperbola.

The candidate solution's conclusion that the graph covers all four quadrants is also incorrect. The graph of the function $y = \frac{k}{x}$ does not extend infinitely in both directions; it has vertical asymptotes at $x = 0$ and $x = \infty$ (or $x = -\infty$), which means the graph does not cover the entire $x$-axis. The function's graph lies in the second and fourth quadrants, not all four quadrants.

Therefore, the candidate solution's answer of B is incorrect.",False,"Let's analyze the function $y=\frac{k}{x}$ with the given constraint $(-1,2)$ on the graph. We can see that the denominator is always positive, which means the function is increasing as $x$ increases, regardless of the value of $k$. So, we"
1,"If the point $(-1,2)$ lies on the graph of the inverse proportion function $y=\frac{k}{x}$ (where $k$ is a constant and $k\neq 0$), then which of the following statements about this function is correct?

A: The graph of the function passes through the point $(1,2)$.

B: The graph of the function lies in the first and third quadrants.

C: The value of $y$ increases as $x$ increases.

D: When $x < -1$, the value of $y$ increases as $x$ increases.","Given that the point $(-1,2)$ lies on the graph of the inverse proportion function $y=\frac{k}{x}$, where $k$ is a constant and $k\neq 0$, we can find the value of $k$ by substituting the coordinates of the point into the equation. 

Step 1: Substitute $x = -1$ and $y = 2$ into the equation $y = \frac{k}{x}$.
\[2 = \frac{k}{-1}\]

Step 2: Solve for $k$.
\[k = 2 \times (-1) = -2\]

Thus, we have determined that $k = -2$. This means the equation of the function is $y = \frac{-2}{x}$.

Step 3: Analyze the behavior of the function based on the value of $k$.
- Since $k$ is negative, the graph of the function lies in the second and fourth quadrants where the signs of $x$ and $y$ are opposite.
- In each of these quadrants, as $x$ increases (moves away from zero), $y$ becomes less negative (increases).

Therefore, options $B$ (the graph lies in the first and third quadrants) and $C$ (the value of $y$ increases as $x$ increases) are incorrect because they do not match the characteristics of the function with $k = -2$.

Step 4: Check the validity of option $A$.
- To see if the graph passes through the point $(1,2)$, substitute $x = 1$ into the equation $y = \frac{-2}{x}$.
\[y = \frac{-2}{1} = -2\]
- Since $y = -2$ when $x = 1$, the graph does not pass through the point $(1,2)$. Thus, option $A$ is incorrect.

Step 5: Confirm the correctness of option $D$.
- For $x < -1$, as $x$ increases (moves towards zero from the left), $y$ (which is negative) becomes less negative, meaning it increases. This matches the description in option $D$.

Therefore, the correct option is $\boxed{D}$.",4,"Let's analyze the function $y=\frac{k}{x}$ with the given constraint $(-1,2)$ on the graph. 

We can see that the denominator is always positive, which means the function is increasing as $x$ increases, regardless of the value of $k$. So, we can eliminate D, as it's not always true for all negative $x$.

The graph of the function mirrors each quadrant, meaning if one point lies on the graph, the reflected point across the origin will also lie on the graph. Therefore, if $(-1,2)$ is on the graph, then $(1,2)$ must also be on the graph, making A correct. 

The graph of the function will always extend infinitely in both directions, meaning it covers all four quadrants. So, we can conclude that the correct answer is B. 

### Answer: B","The final answer provided in the ground truth solution is **D**.

The candidate solution, however, concludes that the correct answer is **B**.

The candidate solution's reasoning is flawed in several ways:

- It incorrectly states that the function is increasing as $x$ increases, regardless of the value of $k$. This is not true for all values of $k$. For example, if $k$ is positive, the function would decrease as $x$ increases.
- The statement about the graph mirroring each quadrant is also incorrect. While it is true that the graph of $y = \frac{k}{x}$ is symmetric about the origin, it does not mean that if a point $(a, b)$ lies on the graph, then $(b, a)$ must also lie on the graph. In this case, the point $(1, 2)$ does not lie on the graph, as shown in the ground truth solution.
- The conclusion that the graph covers all four quadrants is also incorrect. The graph of $y = \frac{-2}{x}$ (as determined in the ground truth solution) lies in the second and fourth quadrants, not the first and third quadrants as claimed in the candidate solution.

The candidate solution's answer is incorrect, and the reasoning provided does not align with the properties of the inverse proportion function.",False,"Let's analyze the function $y=\frac{k}{x}$ with the given constraint $(-1,2)$ on the graph. We can see that the denominator is always positive, which means the function is increasing as $x$ increases, regardless of the value of $k$. So,"
4,"Simplify first, then evaluate: $3a^2b+2(ab-\frac{3}{2}a^2b)-[2ab^2-(3ab^2-ab)]$, where $a$ is the smallest positive integer, and $b$ is the opposite of $a$.","To simplify and then evaluate the given expression, we follow these steps:

1. **Simplify the Expression**:
   - Start with the original expression: $3a^2b + 2(ab - \frac{3}{2}a^2b) - [2ab^2 - (3ab^2 - ab)]$.
   - Distribute and simplify inside the parentheses and brackets: $3a^2b + 2ab - 3a^2b - 2ab^2 + 3ab^2 - ab$.
   - Combine like terms: $ab + ab^2$.

2. **Substitute the Values of $a$ and $b$**:
   - Given that $a$ is the smallest positive integer, we have $a = 1$.
   - Given that $b$ is the opposite of $a$, we have $b = -1$.

3. **Evaluate the Simplified Expression**:
   - Substitute $a = 1$ and $b = -1$ into the simplified expression: $1 \times (-1) + 1 \times (-1)^2$.
   - Perform the operations: $-1 + 1$.
   - Simplify to get the final answer: $0$.

Therefore, the evaluated expression is $\boxed{0}$.",0,"Let's simplify the expression step by step:
1. $3a^2b + 2(ab - \frac{3}{2}a^2b) - [2ab^2 - (3ab^2 - ab)]$
2. $3a^2b + 2ab - 2 \cdot \frac{3}{2}a^2b - (2ab^2 - 3ab^2 + ab)$
3. $3a^2b + 2ab - 4a^2b + 2ab^2 - 3ab^2 + ab$
4. $a^2b(3-4) + ab(2+2b-3b^2)$. 

Since $b$ is the opposite of $a$, $b=-a$.

5. $a^2b(-1) + ab(2-2(-a)^2 + 3(-a)^2 - a(-a))$
6. $-a^3b + ab(2+2a^2 - 3a^2 - a^2)$
7. $-a^3b + ab(-a^2)$
8. $-\boxed{-a^4b + a^3b^2}$.

So, the simplified form of the expression is -$a^4b + a^3b^2$.","The final answer provided by the ground truth solution is $0$.

The candidate solution's final answer is $-a^4b + a^3b^2$. However, it should be noted that the candidate solution did not explicitly state this as the final answer, and it is not boxed.

The candidate solution's approach to simplifying the expression is correct up to a certain point. In step 4, they correctly identify that $b = -a$, but then they proceed to substitute $b$ with $-a$ in the expression, which is not necessary and leads to a more complex form. 

The correct simplification should be:
1. $3a^2b + 2ab - 3a^2b - 2ab^2 + 3ab^2 - ab$ (after distributing and simplifying inside the parentheses and brackets).
2. $ab + ab^2$ (combining like terms).

At this point, substituting the values of $a$ and $b$ would lead to the correct final answer of $0$, as shown in the ground truth solution.",False,Let's simplify the expression step by step: 1. $3a^2b + 2(ab - \frac{3}{2}a^2b) - [2ab^2 - (3ab^2 - ab)]$ 2. $3a^2b + 2ab - 2 \cdot \frac{3}{2}a^2b
4,"Simplify first, then evaluate: $3a^2b+2(ab-\frac{3}{2}a^2b)-[2ab^2-(3ab^2-ab)]$, where $a$ is the smallest positive integer, and $b$ is the opposite of $a$.","To simplify and then evaluate the given expression, we follow these steps:

1. **Simplify the Expression**:
   - Start with the original expression: $3a^2b + 2(ab - \frac{3}{2}a^2b) - [2ab^2 - (3ab^2 - ab)]$.
   - Distribute and simplify inside the parentheses and brackets: $3a^2b + 2ab - 3a^2b - 2ab^2 + 3ab^2 - ab$.
   - Combine like terms: $ab + ab^2$.

2. **Substitute the Values of $a$ and $b$**:
   - Given that $a$ is the smallest positive integer, we have $a = 1$.
   - Given that $b$ is the opposite of $a$, we have $b = -1$.

3. **Evaluate the Simplified Expression**:
   - Substitute $a = 1$ and $b = -1$ into the simplified expression: $1 \times (-1) + 1 \times (-1)^2$.
   - Perform the operations: $-1 + 1$.
   - Simplify to get the final answer: $0$.

Therefore, the evaluated expression is $\boxed{0}$.",1,"Let's simplify the expression step by step:
1. $3a^2b + 2(ab - \frac{3}{2}a^2b) - [2ab^2 - (3ab^2 - ab)]$
2. $3a^2b + 2ab - 2 \cdot \frac{3}{2}a^2b - (2ab^2 - 3ab^2 + ab)$
3. $3a^2b + 2ab - 4a^2b + 2ab^2 - 3ab^2 + ab$
4. $a^2b(3-4) + ab(2+2b-3b^2)$.

Now, we can evaluate the expression with the given values. Remember, $a$ is a positive integer, and $b$ is the opposite of $a$, which means $b = -a$.

So, substituting:

5. $a^2(-1) + ab(2-2(-a) + 3(-a)^2)$
6. $-a^3 + 2a^2 - 2a^3 + 3a^4$
7. $a^4 - a^3(1 - 2 + 3) = \boxed{a^4}$.

This simplifies nicely to a single term.","The final answer provided by the ground truth solution is $0$.

The candidate solution, however, gives a final answer of $a^4$. This is incorrect for several reasons:

- The candidate solution does not correctly distribute the negative sign in the term $-2 \cdot \frac{3}{2}a^2b$, which should be $-3a^2b$. This error carries forward and affects the subsequent steps.
- The candidate solution combines like terms incorrectly, especially in the $ab$ terms. The correct combination of like terms should result in $ab + ab^2$, not $a^2b(3-4) + ab(2+2b-3b^2)$.
- When substituting the values of $a$ and $b$, the candidate solution does not consider that $b$ is the opposite of $a$, which means $b = -a$, not just $-1$. This is a critical error as it changes the value of the expression.

These errors lead to an incorrect final answer of $a^4$.",False,Let's simplify the expression step by step: 1. $3a^2b + 2(ab - \frac{3}{2}a^2b) - [2ab^2 - (3ab^2 - ab)]$ 2. $3a^2b + 2ab - 2 \cdot \frac{3}{2}a^2b - (2ab^2 - 3ab^2 + ab)$
4,"Simplify first, then evaluate: $3a^2b+2(ab-\frac{3}{2}a^2b)-[2ab^2-(3ab^2-ab)]$, where $a$ is the smallest positive integer, and $b$ is the opposite of $a$.","To simplify and then evaluate the given expression, we follow these steps:

1. **Simplify the Expression**:
   - Start with the original expression: $3a^2b + 2(ab - \frac{3}{2}a^2b) - [2ab^2 - (3ab^2 - ab)]$.
   - Distribute and simplify inside the parentheses and brackets: $3a^2b + 2ab - 3a^2b - 2ab^2 + 3ab^2 - ab$.
   - Combine like terms: $ab + ab^2$.

2. **Substitute the Values of $a$ and $b$**:
   - Given that $a$ is the smallest positive integer, we have $a = 1$.
   - Given that $b$ is the opposite of $a$, we have $b = -1$.

3. **Evaluate the Simplified Expression**:
   - Substitute $a = 1$ and $b = -1$ into the simplified expression: $1 \times (-1) + 1 \times (-1)^2$.
   - Perform the operations: $-1 + 1$.
   - Simplify to get the final answer: $0$.

Therefore, the evaluated expression is $\boxed{0}$.",2,"Let's simplify the expression step by step:
1. $3a^2b + 2(ab - \frac{3}{2}a^2b) - [2ab^2 - (3ab^2 - ab)]$
2. $3a^2b + 2ab - 2 \cdot \frac{3}{2}a^2b - (2ab^2 - 3ab^2 + ab)$
3. $3a^2b + 2ab - 4a^2b + 2ab^2 - 3ab^2 + ab$
4. $a^2b(3-4) + ab(2+2b-3b^2)$. 

Since $b$ is the opposite of $a$, $b=-a$.

5. $a^2b(-1) + ab(2-2(-a)^2 + 3(-a)^2 - a(-a))$
6. $-a^3b + ab(2+2a^2 - 3a^2 - a^2)$
7. $-a^3b + ab(-a^2)$
8. $-\boxed{-a^4b + a^3b^2}$.

So, the simplified form of the expression is -$a^4b + a^3b^2$.","The final answer provided by the ground truth solution is $0$.

The candidate solution's final answer is $-a^4b + a^3b^2$. However, it should be noted that the candidate solution did not explicitly state this as the final answer, and it is not boxed.

The candidate solution's approach to simplifying the expression is correct up to a certain point. In step 4, they correctly identify that $b = -a$, but then they proceed to substitute $b$ with $-a$ in the expression, which is not necessary and leads to a more complex form. 

The correct simplification should be:
1. $3a^2b + 2ab - 3a^2b - 2ab^2 + 3ab^2 - ab$ (after distributing and simplifying inside the parentheses and brackets).
2. $ab + ab^2$ (combining like terms).

At this point, substituting the values of $a$ and $b$ would lead to the correct final answer of $0$, as shown in the ground truth solution.",False,Let's simplify the expression step by step: 1. $3a^2b + 2(ab - \frac{3}{2}a^2b) - [2ab^2 - (3ab^2 - ab)]$ 2. $3a^2b + 2ab - 2 \cdot \frac{3}{2}a^2b
4,"Simplify first, then evaluate: $3a^2b+2(ab-\frac{3}{2}a^2b)-[2ab^2-(3ab^2-ab)]$, where $a$ is the smallest positive integer, and $b$ is the opposite of $a$.","To simplify and then evaluate the given expression, we follow these steps:

1. **Simplify the Expression**:
   - Start with the original expression: $3a^2b + 2(ab - \frac{3}{2}a^2b) - [2ab^2 - (3ab^2 - ab)]$.
   - Distribute and simplify inside the parentheses and brackets: $3a^2b + 2ab - 3a^2b - 2ab^2 + 3ab^2 - ab$.
   - Combine like terms: $ab + ab^2$.

2. **Substitute the Values of $a$ and $b$**:
   - Given that $a$ is the smallest positive integer, we have $a = 1$.
   - Given that $b$ is the opposite of $a$, we have $b = -1$.

3. **Evaluate the Simplified Expression**:
   - Substitute $a = 1$ and $b = -1$ into the simplified expression: $1 \times (-1) + 1 \times (-1)^2$.
   - Perform the operations: $-1 + 1$.
   - Simplify to get the final answer: $0$.

Therefore, the evaluated expression is $\boxed{0}$.",3,"Let's simplify the expression step by step:
1. $3a^2b + 2(ab - \frac{3}{2}a^2b) - [2ab^2 - (3ab^2 - ab)]$
2. $3a^2b + 2ab - 2 \cdot \frac{3}{2}a^2b - (2ab^2 - 3ab^2 + ab)$
3. $3a^2b + 2ab - 4a^2b + 2ab^2 - 3ab^2 + ab$
4. $a^2b(3-4) + ab(2+2b-3b^2)$.

Now, we can evaluate the expression with the given values. Remember that $a$ is a positive integer and $b$ is the opposite of $a$, which means $b = -a$.

So, substituting:

5. $a^2b(3-4) + ab(2-2a+a^2)$.
6. $-3a^3b + 2a^2b - 2a^3 + a^3b$.

The expression simplifies to $a^3(2b - 3b - 2 + b)$.

Since $b = -a$, we have:
$a^3(-a - 2 + a) = \boxed{-2a^4}$.","The final answer from the ground truth solution is $0$.

The candidate solution provides an answer of $-2a^4$, which is not boxed. However, the candidate solution does not explicitly state that this is the final answer, and it continues with further steps.

The candidate solution starts by simplifying the expression, which is a correct approach. However, there seems to be an error in the simplification process. In step 4, the expression is simplified to $a^2b(3-4) + ab(2+2b-3b^2)$, which is incorrect. The correct simplification at this stage should be $a^2b - 2ab^2$. This error carries forward, leading to an incorrect final answer.",False,Let's simplify the expression step by step: 1. $3a^2b + 2(ab - \frac{3}{2}a^2b) - [2ab^2 - (3ab^2 - ab)]$ 2. $3a^2b + 2ab - 2 \cdot \frac{3}{2}a^2b - (2ab^2 - 3ab^2 + ab)$ 3.
4,"Simplify first, then evaluate: $3a^2b+2(ab-\frac{3}{2}a^2b)-[2ab^2-(3ab^2-ab)]$, where $a$ is the smallest positive integer, and $b$ is the opposite of $a$.","To simplify and then evaluate the given expression, we follow these steps:

1. **Simplify the Expression**:
   - Start with the original expression: $3a^2b + 2(ab - \frac{3}{2}a^2b) - [2ab^2 - (3ab^2 - ab)]$.
   - Distribute and simplify inside the parentheses and brackets: $3a^2b + 2ab - 3a^2b - 2ab^2 + 3ab^2 - ab$.
   - Combine like terms: $ab + ab^2$.

2. **Substitute the Values of $a$ and $b$**:
   - Given that $a$ is the smallest positive integer, we have $a = 1$.
   - Given that $b$ is the opposite of $a$, we have $b = -1$.

3. **Evaluate the Simplified Expression**:
   - Substitute $a = 1$ and $b = -1$ into the simplified expression: $1 \times (-1) + 1 \times (-1)^2$.
   - Perform the operations: $-1 + 1$.
   - Simplify to get the final answer: $0$.

Therefore, the evaluated expression is $\boxed{0}$.",4,"Let's simplify the expression step by step:
1. $3a^2b + 2(ab - \frac{3}{2}a^2b) - [2ab^2 - (3ab^2 - ab)]$
2. $3a^2b + 2ab - 2 \cdot \frac{3}{2}a^2b - (2ab^2 - 3ab^2 + ab)$
3. $3a^2b + 2ab - 4a^2b + 2ab^2 - 3ab^2 + ab$
4. $a^2b(3-4) + ab(2+2b-3b^2)$.

Now, we can evaluate the expression with the given values. Remember, $a$ is a positive integer, and $b$ is the opposite of $a$, which means $b = -a$.

So, substituting:

5. $a^2(-1) + ab(2-2(-a) + 3(-a)^2)$
6. $-a^3 + 2a^2 - 2a^3 + 3a^4$
7. $a^4 - a^3(1 - 2 + 3) = \boxed{a^4}$.

This simplifies nicely to a single term.","The final answer provided by the ground truth solution is $0$.

The candidate solution, however, gives a final answer of $a^4$. This is incorrect for several reasons:

- The candidate solution does not correctly distribute the negative sign in the term $-2 \cdot \frac{3}{2}a^2b$, which should be $-3a^2b$. This error carries forward and affects the subsequent steps.
- The candidate solution combines like terms incorrectly, especially in the $ab$ terms. The correct combination of like terms should result in $ab + ab^2$, not $a^2b(3-4) + ab(2+2b-3b^2)$.
- When substituting the values of $a$ and $b$, the candidate solution does not consider that $b$ is the opposite of $a$, which means $b = -a$, not just $-1$. This is a crucial distinction because it affects the sign of the terms involving $b$.

These errors lead to an incorrect final answer of $a^4$.",False,Let's simplify the expression step by step: 1. $3a^2b + 2(ab - \frac{3}{2}a^2b) - [2ab^2 - (3ab^2 - ab)]$ 2. $3a^2b + 2ab - 2 \cdot \frac{3}{2}a^2b - (2ab^2 - 3ab^2 + ab)$
