row_id,problem,ground_truth_solution,solution_idx,candidate_solution,verification_reasoning,verification
0,The integer part $a=$______ and the decimal part $b=\_\_\_\_\_\_$ of the real number $\sqrt{13}+1$.,"To solve for the integer part $a$ and the decimal part $b$ of the real number $\sqrt{13}+1$, we follow these steps:

1. First, we establish the bounds for $\sqrt{13}$ by identifying perfect squares around $13$:
   $$9 < 13 < 16$$
   This implies:
   $$3 < \sqrt{13} < 4$$
   because $\sqrt{9} = 3$ and $\sqrt{16} = 4$.

2. Next, we add $1$ to the inequality to find the range of $\sqrt{13}+1$:
   $$4 < \sqrt{13}+1 < 5$$

3. From the inequality $4 < \sqrt{13}+1 < 5$, we can determine that the integer part $a$ of $\sqrt{13}+1$ is $4$, since $\sqrt{13}+1$ is greater than $4$ but less than $5$.

4. To find the decimal part $b$, we subtract the integer part $a$ from $\sqrt{13}+1$:
   $$b = \sqrt{13}+1 - 4 = \sqrt{13} - 3$$

Therefore, the integer part $a$ is $\boxed{4}$, and the decimal part $b$ is $\boxed{\sqrt{13}-3}$.",0,"We can solve this problem as follows:

- First, we need to find the square root of 13. This is an irrational number, so we can use a calculator to find the decimal approximation.

- $\sqrt{13} \approx 3.605551275463989$

- Now, we add 1 to this value:

$\sqrt{13} + 1 \approx 4.605551275463989$

- The integer part $a$ is the whole number before the decimal point, and the decimal part $b$ is the number after the decimal point.

So, the final answer is:

$\boxed{a = 4, b = 0.605551275463989}$","The final answer from the ground truth solution is $a = 4$ and $b = \sqrt{13} - 3$.

The candidate solution provides the answer $a = 4$ and $b = 0.605551275463989$.

The candidate solution is incorrect. While it correctly identifies the integer part $a$ as $4$, it makes an error in calculating the decimal part $b$. The candidate solution adds $1$ to $\sqrt{13}$ and then takes the decimal part, which is not the same as subtracting the integer part from $\sqrt{13} + 1$. The correct approach is to subtract $4$ from $\sqrt{13} + 1$ to isolate the decimal part, as shown in the ground truth solution.",False
0,The integer part $a=$______ and the decimal part $b=\_\_\_\_\_\_$ of the real number $\sqrt{13}+1$.,"To solve for the integer part $a$ and the decimal part $b$ of the real number $\sqrt{13}+1$, we follow these steps:

1. First, we establish the bounds for $\sqrt{13}$ by identifying perfect squares around $13$:
   $$9 < 13 < 16$$
   This implies:
   $$3 < \sqrt{13} < 4$$
   because $\sqrt{9} = 3$ and $\sqrt{16} = 4$.

2. Next, we add $1$ to the inequality to find the range of $\sqrt{13}+1$:
   $$4 < \sqrt{13}+1 < 5$$

3. From the inequality $4 < \sqrt{13}+1 < 5$, we can determine that the integer part $a$ of $\sqrt{13}+1$ is $4$, since $\sqrt{13}+1$ is greater than $4$ but less than $5$.

4. To find the decimal part $b$, we subtract the integer part $a$ from $\sqrt{13}+1$:
   $$b = \sqrt{13}+1 - 4 = \sqrt{13} - 3$$

Therefore, the integer part $a$ is $\boxed{4}$, and the decimal part $b$ is $\boxed{\sqrt{13}-3}$.",1,"We can solve this problem as follows:

$\sqrt{13}+1$ is approximately equal to $4.302775638$ to 8 decimal places.

Therefore, the integer part is $a=\boxed{4}$ and the decimal part is $b=\boxed{0.302775638}$.","The final answer from the ground truth solution is that the integer part is $a=4$ and the decimal part is $b=\sqrt{13}-3$.

The candidate solution provides the integer part as $a=4$ and the decimal part as $b=0.302775638$.

The candidate solution is incorrect because it does not provide the exact value for the decimal part $b$. While it is true that $\sqrt{13}+1$ is approximately $4.302775638$, the problem asks for the exact value of the decimal part, which is $\sqrt{13}-3$. The candidate solution should have followed the steps outlined in the ground truth solution to find the exact value of $b$.",False
1,"If the point $(-1,2)$ lies on the graph of the inverse proportion function $y=\frac{k}{x}$ (where $k$ is a constant and $k\neq 0$), then which of the following statements about this function is correct?

A: The graph of the function passes through the point $(1,2)$.

B: The graph of the function lies in the first and third quadrants.

C: The value of $y$ increases as $x$ increases.

D: When $x < -1$, the value of $y$ increases as $x$ increases.","Given that the point $(-1,2)$ lies on the graph of the inverse proportion function $y=\frac{k}{x}$, where $k$ is a constant and $k\neq 0$, we can find the value of $k$ by substituting the coordinates of the point into the equation. 

Step 1: Substitute $x = -1$ and $y = 2$ into the equation $y = \frac{k}{x}$.
\[2 = \frac{k}{-1}\]

Step 2: Solve for $k$.
\[k = 2 \times (-1) = -2\]

Thus, we have determined that $k = -2$. This means the equation of the function is $y = \frac{-2}{x}$.

Step 3: Analyze the behavior of the function based on the value of $k$.
- Since $k$ is negative, the graph of the function lies in the second and fourth quadrants where the signs of $x$ and $y$ are opposite.
- In each of these quadrants, as $x$ increases (moves away from zero), $y$ becomes less negative (increases).

Therefore, options $B$ (the graph lies in the first and third quadrants) and $C$ (the value of $y$ increases as $x$ increases) are incorrect because they do not match the characteristics of the function with $k = -2$.

Step 4: Check the validity of option $A$.
- To see if the graph passes through the point $(1,2)$, substitute $x = 1$ into the equation $y = \frac{-2}{x}$.
\[y = \frac{-2}{1} = -2\]
- Since $y = -2$ when $x = 1$, the graph does not pass through the point $(1,2)$. Thus, option $A$ is incorrect.

Step 5: Confirm the correctness of option $D$.
- For $x < -1$, as $x$ increases (moves towards zero from the left), $y$ (which is negative) becomes less negative, meaning it increases. This matches the description in option $D$.

Therefore, the correct option is $\boxed{D}$.",0,"We are given that the point $(-1, 2)$ lies on the graph of the inverse proportion function $y = \frac{k}{x}$. This means that when $x = -1$, $y = 2$. We can now solve for $k$:

$$
\begin{align*}
y &= \frac{k}{x} \\
2 &= \frac{k}{-1} \\
2 &= -k \\
k &= -2 \, .
\end{align*}
$$

So, the equation of the function is $y = \frac{-2}{x}$. 

Now, let's evaluate each statement:

A: To check if the graph passes through $(1, 2)$, we substitute $x = 1$ into the equation:

$$
\begin{align*}
y &= \frac{-2}{1} \\
y &= -2 \, .
\end{align*}
$$

So, the graph does not pass through $(1, 2)$, and statement A is **incorrect**.

B: The graph of $y = \frac{-2}{x}$ is a hyperbola, which is symmetric about the line $y = x$. This line divides the first and third quadrants, so the graph lies in these quadrants. Statement B is **correct**.

C: As $x$ increases from $-1$ to $0$, $y$ decreases from $2$ to $-\infty$. As $x$ further increases from $0$ to $1$, $y$ continues to decrease from $-\infty$ to $-2$. So, as $x$ increases, $y$ does not increase; statement C is **incorrect**.

D: When $x < -1$, as $x$ increases, $y$ decreases. So, statement D is **incorrect**.

The correct statement is **B: The graph of the function lies in the first and third quadrants**.","The final answer in the ground truth solution is **D**. 

However, the candidate solution concludes that the correct answer is **B**. 

The candidate solution correctly identifies the value of $k$ as $-2$ and the equation of the function as $y = \frac{-2}{x}$. However, their analysis of the function's behavior is flawed. 

In step B, the candidate solution states that the graph lies in the first and third quadrants, which is incorrect. The graph of $y = \frac{-2}{x}$ is a hyperbola that lies in the second and fourth quadrants, not the first and third. This is because when $x$ is negative (second and fourth quadrants), $y$ is positive, and the product of their signs is positive, satisfying the equation $y = \frac{-2}{x}$. 

In step C, the candidate solution correctly notes that as $x$ increases from $-1$ to $0$, $y$ decreases. However, they incorrectly assume that as $x$ further increases from $0$ to $1$, $y$ continues to decrease. In fact, as $x$ increases from $0$ to $1$, $y$ increases from $-\infty$ to $-2$. This is because the function is an inverse proportion, and as $x$ moves away from zero, $y$ approaches zero, causing the value of $y$ to increase. 

In step D, the candidate solution incorrectly states that when $x < -1$, $y$ decreases as $x$ increases. In reality, when $x < -1$, $y$ increases as $x$ increases because both $x$ and $y$ are negative, and as $x$ moves towards zero, $y$ becomes less negative, resulting in an increase in the value of $y$. 

Due to these errors in understanding the function's behavior, the candidate solution incorrectly identifies the correct answer as B.",False
1,"If the point $(-1,2)$ lies on the graph of the inverse proportion function $y=\frac{k}{x}$ (where $k$ is a constant and $k\neq 0$), then which of the following statements about this function is correct?

A: The graph of the function passes through the point $(1,2)$.

B: The graph of the function lies in the first and third quadrants.

C: The value of $y$ increases as $x$ increases.

D: When $x < -1$, the value of $y$ increases as $x$ increases.","Given that the point $(-1,2)$ lies on the graph of the inverse proportion function $y=\frac{k}{x}$, where $k$ is a constant and $k\neq 0$, we can find the value of $k$ by substituting the coordinates of the point into the equation. 

Step 1: Substitute $x = -1$ and $y = 2$ into the equation $y = \frac{k}{x}$.
\[2 = \frac{k}{-1}\]

Step 2: Solve for $k$.
\[k = 2 \times (-1) = -2\]

Thus, we have determined that $k = -2$. This means the equation of the function is $y = \frac{-2}{x}$.

Step 3: Analyze the behavior of the function based on the value of $k$.
- Since $k$ is negative, the graph of the function lies in the second and fourth quadrants where the signs of $x$ and $y$ are opposite.
- In each of these quadrants, as $x$ increases (moves away from zero), $y$ becomes less negative (increases).

Therefore, options $B$ (the graph lies in the first and third quadrants) and $C$ (the value of $y$ increases as $x$ increases) are incorrect because they do not match the characteristics of the function with $k = -2$.

Step 4: Check the validity of option $A$.
- To see if the graph passes through the point $(1,2)$, substitute $x = 1$ into the equation $y = \frac{-2}{x}$.
\[y = \frac{-2}{1} = -2\]
- Since $y = -2$ when $x = 1$, the graph does not pass through the point $(1,2)$. Thus, option $A$ is incorrect.

Step 5: Confirm the correctness of option $D$.
- For $x < -1$, as $x$ increases (moves towards zero from the left), $y$ (which is negative) becomes less negative, meaning it increases. This matches the description in option $D$.

Therefore, the correct option is $\boxed{D}$.",1,"We are given the point $(-1, 2)$ on the graph of the function $y = \frac{k}{x}$. We can find the value of $k$ by substituting the given point into the equation:

$$
\begin{equation*}
2 = \frac{k}{-1} \, .
\end{equation*}
$$

Multiplying both sides by $-1$ to solve for $k$, we get:

$$
\begin{align*}
-2 &= k \\
\therefore k &= -2 \, .
\end{align*}
$$

So, the equation of the function is $y = \frac{-2}{x}$.

Now, let's evaluate the statements:

A: To check if the graph passes through $(1, 2)$, we substitute $x = 1$ into the equation:

$$
\begin{align*}
y &= \frac{-2}{1} \\
y &= -2 \, .
\end{align*}
$$

So, the graph does not pass through $(1, 2)$, and statement A is **incorrect**.

B: The function $y = \frac{-2}{x}$ is a hyperbola, which typically lies in all four quadrants. However, since we have $k < 0$, the hyperbola opens to the left. In this case, the graph will lie in the second and fourth quadrants, making statement B **incorrect**.

C: As $x$ increases from $-1$ to $0$, the value of $y$ decreases from $2$ to $-\infty$. As $x$ further increases from $0$ to $1$, $y$ increases from $-\infty$ to $-2$. So, the value of $y$ does not consistently increase as $x$ increases, making statement C **incorrect**.

D: When $x < -1$, as $x$ increases, the value of $y$ decreases (as the function is a decreasing function in this interval). So, statement D is **correct**.

Final answer: **D**.","The final answer in the ground truth solution is **D**.

The candidate solution also concludes that the correct answer is **D**.

The candidate solution is mostly correct in its reasoning. It correctly identifies the value of $k$ as $-2$ and determines the equation of the function as $y = \frac{-2}{x}$. The evaluation of statements A, B, and C is also accurate, as the candidate solution demonstrates why these statements are incorrect.

However, there is a crucial error in the evaluation of statement D. The candidate solution states that ""When $x < -1$, as $x$ increases, the value of $y$ decreases (as the function is a decreasing function in this interval)."" This is incorrect. In the interval $x < -1$, as $x$ increases (becomes less negative), the value of $y$ actually increases. This is because, for negative values of $x$, as $x$ moves towards zero from the left, the fraction $\frac{-2}{x}$ becomes less negative, resulting in an increase in the value of $y$.

Despite this error, the candidate solution still arrives at the correct final answer, which is D.",True
2,"Among the following phenomena in life, the one that belongs to the translation transformation is:

A: Small bubbles rising as cold water is heated to form large bubbles

B: Pulling open a drawer

C: The movement of the minute hand on a clock

D: Tree leaves floating in the air with the wind","To analyze which of the given phenomena belongs to the translation transformation, let's consider each option step by step:

- **A: Small bubbles rising as cold water is heated to form large bubbles.** This process involves the change in size and position due to thermal expansion and buoyancy, not a straightforward translation (movement along a straight path without rotation or resizing).

- **B: Pulling open a drawer.** When you pull a drawer open, every part of the drawer moves the same distance in the same direction. This is a classic example of translation transformation, where all points of the object move the same distance in the same direction.

- **C: The movement of the minute hand on a clock.** This is a rotation around the clock's center. All points on the minute hand follow circular paths centered around the pivot point of the clock hands, which is not translation.

- **D: Tree leaves floating in the air with the wind.** The movement of leaves is more complex and can involve translation, rotation, and even deformation depending on the wind's force and direction. However, it's not purely translation as the path and orientation of leaves can change unpredictably.

Given the above analysis, the phenomenon that purely belongs to the translation transformation is:

$$\boxed{\text{B: Pulling open a drawer}}$$",0,"Let's analyze each option to determine which phenomenon belongs to a translation transformation:

A: Small bubbles rising as cold water is heated to form large bubbles. This is a process of change and growth, but it doesn't represent a translation as the bubbles are not moving in a constant direction without rotation or change in shape.

B: Pulling open a drawer. This action typically involves sliding the drawer in a linear motion, which is a characteristic of translation. When you pull a drawer, it moves along a straight path without rotating or changing its orientation.

C: The movement of the minute hand on a clock. Clock hands rotate around a center point, which is not a translation. Translation requires linear motion without rotation.

D: Tree leaves floating in the air with the wind. Wind can cause leaves to move in various directions, but this motion is often irregular and involves changes in orientation. Translation implies a consistent direction of motion without any rotation.

Therefore, the correct answer is:

**B: Pulling open a drawer.**","The final answer provided in the ground truth solution is:

**B: Pulling open a drawer.**

The candidate solution also provides the same final answer:

**B: Pulling open a drawer.**

The candidate solution is indeed correct. It accurately analyzes each option and identifies the phenomenon that corresponds to a translation transformation. The explanation for each option is clear and consistent with the ground truth solution's reasoning. The candidate solution correctly identifies that pulling open a drawer involves a linear motion without rotation, which is the key characteristic of a translation transformation.",True
2,"Among the following phenomena in life, the one that belongs to the translation transformation is:

A: Small bubbles rising as cold water is heated to form large bubbles

B: Pulling open a drawer

C: The movement of the minute hand on a clock

D: Tree leaves floating in the air with the wind","To analyze which of the given phenomena belongs to the translation transformation, let's consider each option step by step:

- **A: Small bubbles rising as cold water is heated to form large bubbles.** This process involves the change in size and position due to thermal expansion and buoyancy, not a straightforward translation (movement along a straight path without rotation or resizing).

- **B: Pulling open a drawer.** When you pull a drawer open, every part of the drawer moves the same distance in the same direction. This is a classic example of translation transformation, where all points of the object move the same distance in the same direction.

- **C: The movement of the minute hand on a clock.** This is a rotation around the clock's center. All points on the minute hand follow circular paths centered around the pivot point of the clock hands, which is not translation.

- **D: Tree leaves floating in the air with the wind.** The movement of leaves is more complex and can involve translation, rotation, and even deformation depending on the wind's force and direction. However, it's not purely translation as the path and orientation of leaves can change unpredictably.

Given the above analysis, the phenomenon that purely belongs to the translation transformation is:

$$\boxed{\text{B: Pulling open a drawer}}$$",1,"Let's analyze each option to determine which phenomenon belongs to a translation transformation:

A: Small bubbles rising as cold water is heated to form large bubbles - This is a process of change and growth, but it doesn't represent a translation as the bubbles are not moving in a constant direction without rotation or deformation.

B: Pulling open a drawer - When you pull a drawer open, it typically slides out in a linear motion, which is a characteristic of translation. The drawer moves along a straight path without changing its orientation or shape, which aligns with the definition of a translation transformation.

C: The movement of the minute hand on a clock - The minute hand on a clock rotates in a circular motion. This is not a translation because translation involves only linear motion without any rotation or curvature.

D: Tree leaves floating in the air with the wind - Wind can cause leaves to move in various directions, but this motion is often irregular and involves rotation and deformation of the leaves. This does not fit the criteria of a translation transformation.

Therefore, the correct answer is:

**B: Pulling open a drawer.**","The final answer provided in the ground truth solution is:

$$\text{B: Pulling open a drawer}$$

The candidate solution also provides the same final answer:

**B: Pulling open a drawer.**

The candidate solution is indeed correct. It accurately identifies the phenomenon that belongs to the translation transformation. The reasoning provided for each option is clear and aligns with the mathematical concept of translation. The candidate solution correctly distinguishes between the linear motion of pulling a drawer (a translation) and the rotational or complex movements in the other options.",True
3,"Given proposition p: For all $x \in \mathbb{R}$, $e^x > 1$; proposition q: There exists an $x_0 \in \mathbb{R}$, such that $x_0 - 2 > \log_2{x_0}$, then among the following propositions, the true one is (   )
A: p ∧ q
B: ¬p ∧ q
C: p ∧ ¬q
D: ¬p ∧ ¬q","**Solution**: Proposition p: For all $x \in \mathbb{R}$, $e^x > 1$, is a false proposition.  
Proposition q: There exists an $x_0 \in \mathbb{R}$, such that $x_0 - 2 > \log_2{x_0}$,  
For example, when $x=8$: the left side equals 6, the right side equals 3, proposition q is a true proposition.  
Therefore, the proposition ¬p ∧ q is a true proposition;  
Hence, the correct choice is: $\boxed{\text{B}}$.  
**Analysis**: By determining the truth of propositions p and q, one can determine the truth of the compound proposition.",0,"Let's break down the problem step by step:

**Proposition p:**
For all $x \in \mathbb{R}$, $e^x > 1$.

This statement is **true** because the exponential function $e^x$ is always greater than 1 for any real number $x$. As $x$ increases, $e^x$ grows exponentially, and it is always greater than 1.

**Proposition q:**
There exists an $x_0 \in \mathbb{R}$ such that $x_0 - 2 > \log_2{x_0}$.

To determine the truth of this statement, we can analyze the function $f(x) = x - 2 - \log_2{x}$. We need to find if there exists an $x_0$ such that $f(x_0) > 0$.

Differentiating $f(x)$ with respect to $x$, we get:
$f'(x) = 1 - \frac{1}{x\ln{2}}$.

Setting $f'(x) = 0$ to find critical points:
$1 - \frac{1}{x\ln{2}} = 0$, which gives $x = \frac{1}{\ln{2}}$.

Now, let's check the sign of $f''(x)$ at this critical point:
$f''(x) = \frac{1}{x^2\ln{2}}$, which is positive for all $x > 0$.

So, $x = \frac{1}{\ln{2}}$ is a minimum point.

Evaluating $f(x)$ at this minimum point:
$f\left(\frac{1}{\ln{2}}\right) = \frac{1}{\ln{2}} - 2 - \log_2{\left(\frac{1}{\ln{2}}\right)} = \frac{1}{\ln{2}} - 2 - \frac{\ln(\ln{2})}{\ln{2}}$.

Now, we need to determine the sign of this expression. Let's call it $g(2)$, where $g(a) = \frac{1}{a} - 2 - \ln(a)$.

Differentiating $g(a)$:
$g'(a) = -\frac{1}{a^2} - \frac{1}{a}$.

Setting $g'(a) = 0$ gives $a = -1$, which is not in the domain of $g(a)$ since we are considering $a > 0$.

So, $g(a)$ has no critical points, and its sign is determined by its limit as $a$ approaches $0$ from the right.

$\lim_{a\to 0^+} g(a) = \lim_{a\to 0^+} \left(\frac{1}{a} - 2 - \ln(a)\right) = \infty$.

So, $g(a)$ is positive for $a$ close to 0.

Since $g(2) > 0$, we have $f\left(\frac{1}{\ln{2}}\right) > 0$.

This means there exists an $x_0$ such that $x_0 - 2 > \log_2{x_0}$, and proposition q is **true**.

Now, we can conclude:

- Proposition p is true.
- Proposition q is true.

Therefore, the correct answer is:

**\[ \boxed{\text{C: p } \wedge \text{ ¬q}} \]**","The final answer provided in the ground truth solution is **B**.

The candidate solution concludes that the correct answer is **C**.

The candidate solution's reasoning is incorrect. It mistakenly assumes that proposition p is true. However, proposition p is false because there are values of $x$ for which $e^x \leq 1$, such as $x = 0$ or any negative value of $x$. The candidate solution should have recognized that $e^x$ is greater than 1 for positive values of $x$ but can be less than or equal to 1 for non-positive values.",False
3,"Given proposition p: For all $x \in \mathbb{R}$, $e^x > 1$; proposition q: There exists an $x_0 \in \mathbb{R}$, such that $x_0 - 2 > \log_2{x_0}$, then among the following propositions, the true one is (   )
A: p ∧ q
B: ¬p ∧ q
C: p ∧ ¬q
D: ¬p ∧ ¬q","**Solution**: Proposition p: For all $x \in \mathbb{R}$, $e^x > 1$, is a false proposition.  
Proposition q: There exists an $x_0 \in \mathbb{R}$, such that $x_0 - 2 > \log_2{x_0}$,  
For example, when $x=8$: the left side equals 6, the right side equals 3, proposition q is a true proposition.  
Therefore, the proposition ¬p ∧ q is a true proposition;  
Hence, the correct choice is: $\boxed{\text{B}}$.  
**Analysis**: By determining the truth of propositions p and q, one can determine the truth of the compound proposition.",1,"We can solve this problem by breaking it down into two parts: evaluating proposition p and evaluating proposition q.

**Proposition p:**

For all $x \in \mathbb{R}$, $e^x > 1$.

This is true because the exponential function $e^x$ is always greater than 1 for any real number $x$. As $x$ increases, $e^x$ increases exponentially, and it is always greater than 1.

**Proposition q:**

There exists an $x_0 \in \mathbb{R}$, such that $x_0 - 2 > \log_2{x_0}$.

Let's consider the function $f(x) = x - 2 - \log_2{x}$. We want to find an $x_0$ such that $f(x_0) > 0$.

Differentiating $f(x)$ with respect to $x$, we get:

$$f'(x) = 1 - \frac{1}{x\ln(2)}$$

Setting $f'(x) = 0$ to find critical points:

$$1 - \frac{1}{x\ln(2)} = 0$$

Solving for $x$, we find a critical point at $x = \frac{1}{\ln(2)} \approx 1.4427$.

Now, let's check the sign of $f(x)$ on either side of this critical point:

- For $x < \frac{1}{\ln(2)}$, $f'(x) < 0$, so $f(x)$ is decreasing.
- For $x > \frac{1}{\ln(2)}$, $f'(x) > 0$, so $f(x)$ is increasing.

Since $f(x)$ is decreasing to the left of the critical point and increasing to the right, and $f\left(\frac{1}{\ln(2)}\right) = 0$, there exists an $x_0$ such that $f(x_0) > 0$, which satisfies the given inequality.

**Conclusion:**

Proposition p is true, and proposition q is also true. Therefore, the correct answer is:

**\[ \boxed{\text{C: p } \wedge \text{ ¬q}} \]**.","The final answer provided in the ground truth solution is **B**.

The candidate solution concludes that the correct answer is **C**.

The candidate solution is incorrect because it mistakenly assumes that proposition p is true. The exponential function $e^x$ is not always greater than 1 for all real values of $x$. In fact, $e^x$ is less than 1 for $x < 0$. Therefore, proposition p is false.

The candidate solution correctly proves that proposition q is true, but the overall conclusion is incorrect due to the mistake in evaluating proposition p.",False
4,"Simplify first, then evaluate: $3a^2b+2(ab-\frac{3}{2}a^2b)-[2ab^2-(3ab^2-ab)]$, where $a$ is the smallest positive integer, and $b$ is the opposite of $a$.","To simplify and then evaluate the given expression, we follow these steps:

1. **Simplify the Expression**:
   - Start with the original expression: $3a^2b + 2(ab - \frac{3}{2}a^2b) - [2ab^2 - (3ab^2 - ab)]$.
   - Distribute and simplify inside the parentheses and brackets: $3a^2b + 2ab - 3a^2b - 2ab^2 + 3ab^2 - ab$.
   - Combine like terms: $ab + ab^2$.

2. **Substitute the Values of $a$ and $b$**:
   - Given that $a$ is the smallest positive integer, we have $a = 1$.
   - Given that $b$ is the opposite of $a$, we have $b = -1$.

3. **Evaluate the Simplified Expression**:
   - Substitute $a = 1$ and $b = -1$ into the simplified expression: $1 \times (-1) + 1 \times (-1)^2$.
   - Perform the operations: $-1 + 1$.
   - Simplify to get the final answer: $0$.

Therefore, the evaluated expression is $\boxed{0}$.",0,"We can simplify the given expression as follows:

$$
\begin{align*}
& 3a^2b + 2(ab - \frac{3}{2}a^2b) - [2ab^2 - (3ab^2 - ab)] \\
= \; & 3a^2b + 2ab - 3a^2b - 2ab^2 + 3ab^2 - ab \\
= \; & 2ab^2 + ab \\
= \; & 2ab(b+1) \, .
\end{align*}
$$

Given that $a$ is the smallest positive integer, $a = 1$. Since $b$ is the opposite of $a$, $b = -1$. Substituting these values into the simplified expression, we get:

$$
\begin{align*}
2ab(b+1) & = 2 \cdot 1 \cdot (-1) \cdot [(-1) + 1] \\
& = 2 \cdot 0 \\
& = \boxed{0} \, .
\end{align*}
$$","The final answer from the ground truth solution is $0$. The candidate solution also arrives at the same final answer of $\boxed{0}$.

The candidate solution is mostly correct in its approach. It simplifies the expression correctly and substitutes the values of $a$ and $b$ appropriately. However, there is a small error in the final step of the calculation. When substituting $a = 1$ and $b = -1$, the expression $2ab(b+1)$ should simplify to $2 \cdot 1 \cdot (-1) \cdot [(-1) - 1]$, which equals $-4$, and not $2 \cdot 0$. This is because $b + 1 = -1 - 1 = -2$, not $0$.

Despite this error, the candidate solution still arrives at the correct final answer of $0$ because $2 \cdot 0$ is indeed $0$. The boxing of the final answer is also correct.",True
4,"Simplify first, then evaluate: $3a^2b+2(ab-\frac{3}{2}a^2b)-[2ab^2-(3ab^2-ab)]$, where $a$ is the smallest positive integer, and $b$ is the opposite of $a$.","To simplify and then evaluate the given expression, we follow these steps:

1. **Simplify the Expression**:
   - Start with the original expression: $3a^2b + 2(ab - \frac{3}{2}a^2b) - [2ab^2 - (3ab^2 - ab)]$.
   - Distribute and simplify inside the parentheses and brackets: $3a^2b + 2ab - 3a^2b - 2ab^2 + 3ab^2 - ab$.
   - Combine like terms: $ab + ab^2$.

2. **Substitute the Values of $a$ and $b$**:
   - Given that $a$ is the smallest positive integer, we have $a = 1$.
   - Given that $b$ is the opposite of $a$, we have $b = -1$.

3. **Evaluate the Simplified Expression**:
   - Substitute $a = 1$ and $b = -1$ into the simplified expression: $1 \times (-1) + 1 \times (-1)^2$.
   - Perform the operations: $-1 + 1$.
   - Simplify to get the final answer: $0$.

Therefore, the evaluated expression is $\boxed{0}$.",1,"First, we need to determine the values of $a$ and $b$. Since $a$ is the smallest positive integer, $a = 1$. As $b$ is the opposite of $a$, $b = -1$.

Now, we can substitute these values into the expression and simplify:

\begin{align*}
& 3a^2b + 2(ab - \frac{3}{2}a^2b) - [2ab^2 - (3ab^2 - ab)] \\
= & 3(1)^2(-1) + 2[1 \cdot (-1) - \frac{3}{2}(1)^2(-1)] - [2(1)(-1)^2 - (3(1)(-1)^2 - 1 \cdot (-1))] \\
= & -3 + 2(-1 + \frac{3}{2}) - [2 - (-3 - 1)] \\
= & -3 + 2(-\frac{1}{2}) - [2 - (-4)] \\
= & -3 - 1 - (-6) \\
= & -4 + 6 \\
= & \boxed{2}
\end{align*}

So, the final answer is **2**.","The final answer provided in the ground truth solution is **0**.

The candidate solution, however, concludes that the final answer is **2**. This is incorrect.

The candidate solution starts by correctly identifying the values of $a$ and $b$. However, an error occurs during the simplification process. The expression $3a^2b + 2(ab - \frac{3}{2}a^2b) - [2ab^2 - (3ab^2 - ab)]$ should simplify to $ab + ab^2$ (as shown in the ground truth solution), but the candidate solution simplifies it to $-3 - 1 - (-6)$, which is incorrect. This error likely stems from a mistake in distributing the negative sign within the brackets or combining like terms.",False
